WorkItemKey,NoteKey,NoteDate,NoteClass,NoteSummary
1,1,2025-11-06,NoteType 1,"Update A"
2,2,2025-11-09,NoteType 2,"Update B"
3,3,2025-10-18,NoteType 1,"Update A"
4,4,2025-11-02,NoteType 3,"Update C"
5,5,2025-12-03,NoteType 1,"Update A"
6,6,2025-11-15,NoteType 2,"Update B"
8,7,2025-11-20,NoteType 3,"Update C"
9,8,2025-12-12,NoteType 1,"Update A"
10,9,2025-10-06,NoteType 2,"Update B"
11,10,2025-11-24,NoteType 1,"Update A"
12,11,2025-11-08,NoteType 2,"Update B"
13,12,2025-09-20,NoteType 3,"Update C"
14,13,2025-12-07,NoteType 1,"Update A"
15,14,2025-12-02,NoteType 2,"Update B"
16,15,2025-08-12,NoteType 3,"Update C"
17,16,2025-11-21,NoteType 1,"Update A"
18,17,2025-12-18,NoteType 2,"Update B"
20,18,2025-11-14,NoteType 3,"Update C"
21,19,2025-10-15,NoteType 1,"Update A"
22,20,2025-11-06,NoteType 2,"Update B"
23,21,2025-12-08,NoteType 1,"Update A"
24,22,2025-09-28,NoteType 3,"Update C"
25,23,2025-12-01,NoteType 2,"Update B"
26,24,2025-10-29,NoteType 1,"Update A"
27,25,2025-06-10,NoteType 3,"Update C"
28,26,2025-12-16,NoteType 2,"Update B"
29,27,2025-11-03,NoteType 1,"Update A"
30,28,2025-08-26,NoteType 3,"Update C"
31,29,2025-11-18,NoteType 2,"Update B"
32,30,2025-12-23,NoteType 1,"Update A"
33,31,2025-09-07,NoteType 3,"Update C"
34,32,2025-11-22,NoteType 1,"Update A"
35,33,2025-10-10,NoteType 2,"Update B"
36,34,2025-07-30,NoteType 1,"Update A"
37,35,2025-12-05,NoteType 2,"Update B"
38,36,2025-11-28,NoteType 3,"Update C"
39,37,2025-05-18,NoteType 1,"Update A"
40,38,2025-11-05,NoteType 2,"Update B"
41,39,2025-12-09,NoteType 1,"Update A"
42,40,2025-09-10,NoteType 3,"Update C"
43,41,2025-11-07,NoteType 2,"Update B"
44,42,2025-10-16,NoteType 1,"Update A"
45,43,2025-06-25,NoteType 3,"Update C"
46,44,2025-11-27,NoteType 2,"Update B"
47,45,2025-12-11,NoteType 1,"Update A"
48,46,2025-09-14,NoteType 3,"Update C"
49,47,2025-12-03,NoteType 2,"Update B"
50,48,2025-08-09,NoteType 1,"Update A"
6,49,2025-11-19,NoteType 1,"Update A"
12,50,2025-11-22,NoteType 3,"Update C"
